zip,borough,bronx,bk,mh,qu,si,neighborhood
10451,bronx,high bridge and morrisania,,,,,high bridge and morrisania
10452,bronx,high bridge and morrisania,,,,,high bridge and morrisania
10453,bronx,central bronx,,,,,central bronx
10454,bronx,hunts point and mott haven,,,,,hunts point and mott haven
10455,bronx,hunts point and mott haven,,,,,hunts point and mott haven
10456,bronx,high bridge and morrisania,,,,,high bridge and morrisania
10457,bronx,central bronx,,,,,central bronx
10458,bronx,bronx park and fordham,,,,,bronx park and fordham
10459,bronx,hunts point and mott haven,,,,,hunts point and mott haven
10460,bronx,central bronx,,,,,central bronx
10461,bronx,southeast bronx,,,,,southeast bronx
10462,bronx,southeast bronx,,,,,southeast bronx
10463,bronx,kingsbridge and riverdale,,,,,kingsbridge and riverdale
10464,bronx,southeast bronx,,,,,southeast bronx
10465,bronx,southeast bronx,,,,,southeast bronx
10466,bronx,northeast bronx,,,,,northeast bronx
10467,bronx,bronx park and fordham,,,,,bronx park and fordham
10468,bronx,bronx park and fordham,,,,,bronx park and fordham
10469,bronx,northeast bronx,,,,,northeast bronx
10470,bronx,northeast bronx,,,,,northeast bronx
10471,bronx,kingsbridge and riverdale,,,,,kingsbridge and riverdale
10472,bronx,southeast bronx,,,,,southeast bronx
10473,bronx,southeast bronx,,,,,southeast bronx
10474,bronx,hunts point and mott haven,,,,,hunts point and mott haven
10475,bronx,northeast bronx,,,,,northeast bronx
11201,brooklyn,,northwest brooklyn,,,,northwest brooklyn
11203,brooklyn,,flatbush,,,,flatbush
11204,brooklyn,,borough park,,,,borough park
11205,brooklyn,,northwest brooklyn,,,,northwest brooklyn
11206,brooklyn,,bushwick and williamsburg,,,,bushwick and williamsburg
11207,brooklyn,,east new york and new lots,,,,east new york and new lots
11208,brooklyn,,east new york and new lots,,,,east new york and new lots
11209,brooklyn,,southwest brooklyn,,,,southwest brooklyn
11210,brooklyn,,flatbush,,,,flatbush
11211,brooklyn,,greenpoint,,,,greenpoint
11212,brooklyn,,central brooklyn,,,,central brooklyn
11213,brooklyn,,central brooklyn,,,,central brooklyn
11214,brooklyn,,southwest brooklyn,,,,southwest brooklyn
11215,brooklyn,,northwest brooklyn,,,,northwest brooklyn
11216,brooklyn,,central brooklyn,,,,central brooklyn
11217,brooklyn,,northwest brooklyn,,,,northwest brooklyn
11218,brooklyn,,borough park,,,,borough park
11219,brooklyn,,borough park,,,,borough park
11220,brooklyn,,sunset park,,,,sunset park
11221,brooklyn,,bushwick and williamsburg,,,,bushwick and williamsburg
11222,brooklyn,,greenpoint,,,,greenpoint
11223,brooklyn,,southern brooklyn,,,,southern brooklyn
11224,brooklyn,,southern brooklyn,,,,southern brooklyn
11225,brooklyn,,flatbush,,,,flatbush
11226,brooklyn,,flatbush,,,,flatbush
11228,brooklyn,,southwest brooklyn,,,,southwest brooklyn
11229,brooklyn,,southern brooklyn,,,,southern brooklyn
11230,brooklyn,,borough park,,,,borough park
11231,brooklyn,,northwest brooklyn,,,,northwest brooklyn
11232,brooklyn,,sunset park,,,,sunset park
11233,brooklyn,,central brooklyn,,,,central brooklyn
11234,brooklyn,,canarsie and flatlands,,,,canarsie and flatlands
11235,brooklyn,,southern brooklyn,,,,southern brooklyn
11236,brooklyn,,canarsie and flatlands,,,,canarsie and flatlands
11237,brooklyn,,bushwick and williamsburg,,,,bushwick and williamsburg
11238,brooklyn,,central brooklyn,,,,central brooklyn
11239,brooklyn,,canarsie and flatlands,,,,canarsie and flatlands
11249,brooklyn,,,,,,
11251,brooklyn,,,,,,
83,manhattan,,,,,,
10001,manhattan,,,chelsea and clinton,,,chelsea and clinton
10002,manhattan,,,lower east side,,,lower east side
10003,manhattan,,,lower east side,,,lower east side
10004,manhattan,,,lower manhattan,,,lower manhattan
10005,manhattan,,,lower manhattan,,,lower manhattan
10006,manhattan,,,lower manhattan,,,lower manhattan
10007,manhattan,,,lower manhattan,,,lower manhattan
10009,manhattan,,,lower east side,,,lower east side
10010,manhattan,,,gramercy park and murray hill,,,gramercy park and murray hill
10011,manhattan,,,chelsea and clinton,,,chelsea and clinton
10012,manhattan,,,greenwich village and soho,,,greenwich village and soho
10013,manhattan,,,greenwich village and soho,,,greenwich village and soho
10014,manhattan,,,greenwich village and soho,,,greenwich village and soho
10016,manhattan,,,gramercy park and murray hill,,,gramercy park and murray hill
10017,manhattan,,,gramercy park and murray hill,,,gramercy park and murray hill
10018,manhattan,,,chelsea and clinton,,,chelsea and clinton
10019,manhattan,,,chelsea and clinton,,,chelsea and clinton
10020,manhattan,,,chelsea and clinton,,,chelsea and clinton
10021,manhattan,,,upper east side,,,upper east side
10022,manhattan,,,gramercy park and murray hill,,,gramercy park and murray hill
10023,manhattan,,,upper west side,,,upper west side
10024,manhattan,,,upper west side,,,upper west side
10025,manhattan,,,upper west side,,,upper west side
10026,manhattan,,,central harlem,,,central harlem
10027,manhattan,,,central harlem,,,central harlem
10028,manhattan,,,upper east side,,,upper east side
10029,manhattan,,,east harlem,,,east harlem
10030,manhattan,,,central harlem,,,central harlem
10031,manhattan,,,inwood and washington heights,,,inwood and washington heights
10032,manhattan,,,inwood and washington heights,,,inwood and washington heights
10033,manhattan,,,inwood and washington heights,,,inwood and washington heights
10034,manhattan,,,inwood and washington heights,,,inwood and washington heights
10035,manhattan,,,east harlem,,,east harlem
10036,manhattan,,,chelsea and clinton,,,chelsea and clinton
10037,manhattan,,,central harlem,,,central harlem
10038,manhattan,,,lower manhattan,,,lower manhattan
10039,manhattan,,,central harlem,,,central harlem
10040,manhattan,,,inwood and washington heights,,,inwood and washington heights
10041,manhattan,,,,,,
10043,manhattan,,,,,,
10044,manhattan,,,upper east side,,,upper east side
10045,manhattan,,,,,,
10047,manhattan,,,,,,
10048,manhattan,,,,,,
10055,manhattan,,,,,,
10065,manhattan,,,upper east side,,,upper east side
10069,manhattan,,,,,,
10075,manhattan,,,upper east side,,,upper east side
10080,manhattan,,,,,,
10081,manhattan,,,,,,
10096,manhattan,,,,,,
10097,manhattan,,,,,,
10103,manhattan,,,,,,
10104,manhattan,,,,,,
10105,manhattan,,,,,,
10106,manhattan,,,,,,
10107,manhattan,,,,,,
10110,manhattan,,,,,,
10111,manhattan,,,,,,
10112,manhattan,,,,,,
10115,manhattan,,,,,,
10118,manhattan,,,,,,
10119,manhattan,,,,,,
10120,manhattan,,,,,,
10121,manhattan,,,,,,
10122,manhattan,,,,,,
10123,manhattan,,,,,,
10128,manhattan,,,upper east side,,,upper east side
10151,manhattan,,,,,,
10152,manhattan,,,,,,
10153,manhattan,,,,,,
10154,manhattan,,,,,,
10155,manhattan,,,,,,
10158,manhattan,,,,,,
10162,manhattan,,,,,,
10165,manhattan,,,,,,
10166,manhattan,,,,,,
10167,manhattan,,,,,,
10168,manhattan,,,,,,
10169,manhattan,,,,,,
10170,manhattan,,,,,,
10171,manhattan,,,,,,
10172,manhattan,,,,,,
10173,manhattan,,,,,,
10174,manhattan,,,,,,
10175,manhattan,,,,,,
10176,manhattan,,,,,,
10177,manhattan,,,,,,
10178,manhattan,,,,,,
10196,manhattan,,,,,,
10203,manhattan,,,,,,
10259,manhattan,,,,,,
10260,manhattan,,,,,,
10265,manhattan,,,,,,
10270,manhattan,,,,,,
10271,manhattan,,,,,,
10275,manhattan,,,,,,
10278,manhattan,,,,,,
10279,manhattan,,,,,,
10280,manhattan,,,lower manhattan,,,lower manhattan
10281,manhattan,,,,,,
10282,manhattan,,,,,,
10285,manhattan,,,,,,
10286,manhattan,,,,,,
11001,queens,,,,,,
11004,queens,,,,southeast queens,,southeast queens
11005,queens,,,,southeast queens,,southeast queens
11040,queens,,,,,,
11096,queens,,,,,,
11101,queens,,,,northwest queens,,northwest queens
11102,queens,,,,northwest queens,,northwest queens
11103,queens,,,,northwest queens,,northwest queens
11104,queens,,,,northwest queens,,northwest queens
11105,queens,,,,northwest queens,,northwest queens
11106,queens,,,,northwest queens,,northwest queens
11109,queens,,,,,,
11354,queens,,,,north queens,,north queens
11355,queens,,,,north queens,,north queens
11356,queens,,,,north queens,,north queens
11357,queens,,,,north queens,,north queens
11358,queens,,,,north queens,,north queens
11359,queens,,,,north queens,,north queens
11360,queens,,,,north queens,,north queens
11361,queens,,,,northeast queens,,northeast queens
11362,queens,,,,northeast queens,,northeast queens
11363,queens,,,,northeast queens,,northeast queens
11364,queens,,,,northeast queens,,northeast queens
11365,queens,,,,central queens,,central queens
11366,queens,,,,central queens,,central queens
11367,queens,,,,central queens,,central queens
11368,queens,,,,west queens,,west queens
11369,queens,,,,west queens,,west queens
11370,queens,,,,west queens,,west queens
11371,queens,,,,,,
11372,queens,,,,west queens,,west queens
11373,queens,,,,west queens,,west queens
11374,queens,,,,west central queens,,west central queens
11375,queens,,,,west central queens,,west central queens
11377,queens,,,,west queens,,west queens
11378,queens,,,,west queens,,west queens
11379,queens,,,,west central queens,,west central queens
11385,queens,,,,west central queens,,west central queens
11411,queens,,,,southeast queens,,southeast queens
11412,queens,,,,jamaica,,jamaica
11413,queens,,,,southeast queens,,southeast queens
11414,queens,,,,southwest queens,,southwest queens
11415,queens,,,,southwest queens,,southwest queens
11416,queens,,,,southwest queens,,southwest queens
11417,queens,,,,southwest queens,,southwest queens
11418,queens,,,,southwest queens,,southwest queens
11419,queens,,,,southwest queens,,southwest queens
11420,queens,,,,southwest queens,,southwest queens
11421,queens,,,,southwest queens,,southwest queens
11422,queens,,,,southeast queens,,southeast queens
11423,queens,,,,jamaica,,jamaica
11426,queens,,,,southeast queens,,southeast queens
11427,queens,,,,southeast queens,,southeast queens
11428,queens,,,,southeast queens,,southeast queens
11429,queens,,,,southeast queens,,southeast queens
11430,queens,,,,,,
11432,queens,,,,jamaica,,jamaica
11433,queens,,,,jamaica,,jamaica
11434,queens,,,,jamaica,,jamaica
11435,queens,,,,jamaica,,jamaica
11436,queens,,,,jamaica,,jamaica
11451,queens,,,,,,
11691,queens,,,,rockaways,,rockaways
11692,queens,,,,rockaways,,rockaways
11693,queens,,,,rockaways,,rockaways
11694,queens,,,,rockaways,,rockaways
11697,queens,,,,rockaways,,rockaways
10301,staten island,,,,,stapleton and st. george,stapleton and st. george
10302,staten island,,,,,port richmond,port richmond
10303,staten island,,,,,port richmond,port richmond
10304,staten island,,,,,stapleton and st. george,stapleton and st. george
10305,staten island,,,,,stapleton and st. george,stapleton and st. george
10306,staten island,,,,,south shore,south shore
10307,staten island,,,,,south shore,south shore
10308,staten island,,,,,south shore,south shore
10309,staten island,,,,,south shore,south shore
10310,staten island,,,,,port richmond,port richmond
10312,staten island,,,,,south shore,south shore
10314,staten island,,,,,mid-island,mid-island
10200,manhattan,,,,,,
11100,queens,,,,,,
11400,queens,,,,,,
10400,bronx,,,,,,
10292,manhattan,,,,,,
10015,manhattan,,,,,,
11111,queens,,,,,,
11243,brooklyn,,,,,,
10273,manhattan,,,,,,
10000,manhattan,,,,,,
10116,manhattan,,,,,,
10008,manhattan,,,,,,
11003,queens,,,,,,
10076,manhattan,,,,,,
10485,bronx,,,,,,
